# total_frames:10 beg:0 end:9 stride:1 interaction_types:hb,sb,pc,ps,ts,hp,vdw
# Columns: frame, interaction_type, atom_1, atom_2[, atom_3[, atom_4]]
0	sb	X:GLU:4:OE1	X:LYS:27:NZ
0	vdw	X:PHE:13:O	X:THR:19:CG2
0	vdw	X:CYS:20:O	X:THR:12:OG1
0	vdw	X:CYS:31:SG	X:THR:19:O
0	vdw	X:CYS:20:O	X:THR:12:CA
0	vdw	X:ARG:21:CG	X:VAL:30:O
0	vdw	X:CYS:22:O	X:GLY:10:CA
0	vdw	X:ASN:37:CA	X:TRP:35:CD1
0	vdw	X:ASN:37:CA	X:TRP:35:NE1
0	vdw	X:ASN:37:N	X:TRP:35:C
0	vdw	X:ASN:37:N	X:TRP:35:CD1
0	vdw	X:CYS:36:N	X:LEU:34:O
0	vdw	X:ASN:18:ND2	X:THR:32:CG2
0	vdw	X:ASN:18:CB	X:CYS:20:SG
0	vdw	X:ASN:18:CB	X:CYS:31:SG
0	vdw	X:ASN:18:O	X:ASP:15:CA
0	vdw	X:ASN:18:O	X:ASP:15:CB
0	vdw	X:ASN:18:O	X:ASP:15:N
0	vdw	X:ASN:18:O	X:ASP:15:C
0	vdw	X:ASN:18:O	X:ASP:15:O
0	vdw	X:PHE:13:O	X:THR:19:C
0	vdw	X:CYS:20:N	X:PHE:13:O
0	vdw	X:CYS:20:CA	X:PHE:13:O
0	vdw	X:CYS:20:C	X:PHE:13:O
0	vdw	X:CYS:20:O	X:PHE:13:O
0	vdw	X:CYS:31:SG	X:THR:19:C
0	vdw	X:ARG:21:N	X:VAL:30:O
0	vdw	X:CYS:20:CB	X:PHE:13:CE2
0	vdw	X:CYS:20:O	X:PHE:13:N
0	vdw	X:ARG:21:CA	X:THR:11:O
0	vdw	X:ARG:21:CB	X:THR:11:O
0	vdw	X:ARG:21:C	X:THR:11:O
0	vdw	X:CYS:22:N	X:THR:11:O
0	vdw	X:ARG:21:CA	X:PHE:13:CE1
0	vdw	X:GLU:8:O	X:THR:11:N
0	vdw	X:PRO:9:C	X:THR:11:N
0	vdw	X:GLU:8:O	X:THR:11:CB
0	vdw	X:GLU:8:O	X:THR:11:CG2
0	vdw	X:LEU:34:N	X:THR:32:OG1
0	vdw	X:LEU:34:N	X:THR:32:C
0	vdw	X:ARG:21:O	X:VAL:30:N
0	vdw	X:CYS:22:O	X:GLY:10:N
0	vdw	X:CYS:22:CA	X:SER:28:O
0	vdw	X:CYS:22:C	X:SER:28:O
0	vdw	X:ALA:29:CA	X:ARG:21:O
0	vdw	X:ALA:29:CB	X:ARG:21:O
0	vdw	X:ALA:29:C	X:ARG:21:O
0	vdw	X:ARG:21:C	X:PHE:13:CE1
0	vdw	X:ARG:21:O	X:PHE:13:CZ
0	vdw	X:GLU:8:O	X:GLY:10:N
0	vdw	X:GLU:8:C	X:GLY:10:N
0	vdw	X:GLY:23:O	X:PRO:9:C
0	vdw	X:GLY:10:N	X:GLY:23:O
0	vdw	X:CYS:7:O	X:PRO:9:N
0	vdw	X:GLY:26:CA	X:PRO:9:CA
0	vdw	X:GLY:23:CA	X:VAL:30:CG2
0	vdw	X:GLY:23:N	X:SER:28:O
0	vdw	X:GLY:23:O	X:GLY:26:N
0	vdw	X:GLY:26:N	X:SER:24:C
0	vdw	X:GLY:26:N	X:SER:24:O
0	vdw	X:GLY:23:O	X:PRO:9:CB
0	vdw	X:PRO:9:CB	X:SER:24:C
0	vdw	X:PRO:9:CB	X:SER:24:O
0	vdw	X:ASP:25:N	X:GLY:23:C
0	vdw	X:ASP:25:N	X:GLY:23:O
0	vdw	X:GLY:23:O	X:GLY:26:CA
0	vdw	X:GLY:23:O	X:PRO:9:CA
0	vdw	X:GLN:38:N	X:TRP:35:NE1
0	vdw	X:GLN:38:N	X:TRP:35:CE2
0	vdw	X:GLN:38:CB	X:TRP:35:CZ2
0	vdw	X:CYS:36:SG	X:GLN:38:CG
0	vdw	X:CYS:36:SG	X:GLN:38:CD
0	vdw	X:CYS:36:SG	X:GLN:38:NE2
0	vdw	X:ASP:15:C	X:CYS:17:N
0	vdw	X:ASP:15:O	X:CYS:17:N
0	vdw	X:CYS:22:SG	X:PHE:13:CE1
0	vdw	X:ALA:29:CB	X:CYS:22:SG
0	vdw	X:CYS:22:CB	X:SER:28:O
0	vdw	X:CYS:22:SG	X:SER:28:O
0	vdw	X:CYS:7:O	X:GLY:26:CA
0	vdw	X:CYS:7:O	X:GLY:26:C
0	vdw	X:CYS:7:O	X:GLY:26:O
0	vdw	X:CYS:7:SG	X:VAL:5:CG1
0	vdw	X:ASP:25:OD1	X:LYS:27:C
0	vdw	X:ASP:25:OD1	X:SER:28:N
0	vdw	X:GLY:26:C	X:SER:28:N
0	vdw	X:ASP:25:OD1	X:SER:28:OG
0	vdw	X:ASP:25:OD2	X:SER:28:OG
0	vdw	X:ASP:25:CG	X:SER:28:OG
0	vdw	X:LYS:27:C	X:VAL:5:O
0	vdw	X:ASP:25:OD1	X:LYS:27:N
0	vdw	X:ASP:25:OD1	X:LYS:27:CA
0	vdw	X:ASP:25:C	X:LYS:27:N
0	vdw	X:ASP:25:O	X:LYS:27:N
0	vdw	X:ASP:25:CG	X:LYS:27:N
0	vdw	X:LYS:27:CA	X:VAL:5:O
0	vdw	X:ASP:25:O	X:LYS:27:CG
0	vdw	X:GLY:26:O	X:THR:6:CA
0	vdw	X:CYS:7:N	X:GLY:26:O
0	vdw	X:LYS:27:CE	X:THR:6:CG2
0	vdw	X:LYS:27:NZ	X:THR:6:CG2
0	vdw	X:LYS:27:O	X:VAL:5:O
0	vdw	X:LYS:27:CD	X:VAL:5:O
0	vdw	X:GLU:4:CG	X:LYS:27:CD
0	vdw	X:GLU:4:CD	X:LYS:27:CD
0	vdw	X:GLU:4:OE1	X:LYS:27:CD
0	vdw	X:LYS:27:CE	X:THR:6:OG1
0	vdw	X:GLU:4:OE1	X:LYS:27:CE
0	vdw	X:GLU:4:CG	X:LYS:27:NZ
0	vdw	X:LYS:27:NZ	X:THR:6:OG1
0	vdw	X:GLU:4:CD	X:LYS:27:NZ
0	vdw	X:GLU:4:OE1	X:LYS:27:NZ
0	hbbb	X:CYS:22:O	X:GLY:10:N
0	hbbb	X:ASN:18:O	X:ASP:15:N
0	hbsb	X:GLN:38:N	X:TRP:35:NE1
0	hbss	X:ASP:25:OD2	X:SER:28:OG
0	hbss	X:GLU:4:OE1	X:LYS:27:NZ
0	hbbb	X:CYS:22:N	X:THR:11:O
0	hbbb	X:ARG:21:O	X:VAL:30:N
0	hbbb	X:ARG:21:N	X:VAL:30:O
0	hbbb	X:CYS:20:O	X:PHE:13:N
0	hbbb	X:GLY:23:N	X:SER:28:O
0	hbss	X:ASP:25:OD1	X:SER:28:OG
0	hbbb	X:GLY:23:O	X:GLY:26:N
0	hbbb	X:CYS:7:N	X:GLY:26:O
0	hbbb	X:CYS:20:N	X:PHE:13:O
0	hbbb	X:ASP:25:N	X:GLY:26:N
0	hbss	X:LYS:27:NZ	X:THR:6:OG1
0	hbbb	X:GLU:8:O	X:THR:11:N
0	hbsb	X:ASP:15:OD1	X:LYS:16:N
0	hbsb	X:ASP:25:OD1	X:LYS:27:N
0	hbsb	X:ASP:25:OD1	X:SER:28:N
0	hbbb	X:GLY:10:N	X:GLY:23:O
0	hbsb	X:CYS:20:O	X:THR:12:OG1
1	sb	X:ASP:15:OD1	X:LYS:33:NZ
1	vdw	X:ARG:21:CG	X:THR:11:O
1	vdw	X:ARG:21:CG	X:GLY:10:O
1	vdw	X:ARG:21:CD	X:GLY:10:O
1	vdw	X:ARG:21:NE	X:GLY:10:O
1	vdw	X:ARG:21:CG	X:THR:12:OG1
1	vdw	X:ARG:21:CD	X:THR:12:OG1
1	vdw	X:ASN:37:ND2	X:TRP:35:O
1	vdw	X:LYS:14:CE	X:THR:19:OG1
1	vdw	X:LYS:14:CG	X:THR:19:OG1
1	vdw	X:LYS:14:CD	X:THR:19:OG1
1	vdw	X:CYS:31:SG	X:THR:19:C
1	vdw	X:CYS:31:SG	X:THR:19:O
1	vdw	X:THR:12:CG2	X:THR:19:CG2
1	vdw	X:CYS:20:N	X:PHE:13:O
1	vdw	X:GLY:10:O	X:THR:12:N
1	vdw	X:LEU:34:N	X:THR:32:C
1	vdw	X:LEU:34:N	X:THR:32:O
1	vdw	X:CYS:31:C	X:LYS:33:N
1	vdw	X:CYS:31:O	X:LYS:33:N
1	vdw	X:CYS:20:O	X:PHE:13:CD2
1	vdw	X:CYS:20:O	X:THR:12:CA
1	vdw	X:CYS:20:O	X:THR:12:C
1	vdw	X:CYS:20:CA	X:PHE:13:O
1	vdw	X:CYS:20:C	X:PHE:13:O
1	vdw	X:CYS:20:O	X:PHE:13:C
1	vdw	X:CYS:20:O	X:PHE:13:O
1	vdw	X:CYS:20:O	X:PHE:13:N
1	vdw	X:ARG:21:CA	X:THR:11:O
1	vdw	X:ARG:21:C	X:THR:11:O
1	vdw	X:CYS:22:N	X:THR:11:O
1	vdw	X:CYS:22:CB	X:THR:11:O
1	vdw	X:GLU:8:O	X:THR:11:N
1	vdw	X:GLU:8:O	X:THR:11:CA
1	vdw	X:PRO:9:C	X:THR:11:N
1	vdw	X:PRO:9:O	X:THR:11:N
1	vdw	X:GLU:8:O	X:GLY:10:N
1	vdw	X:GLY:23:O	X:PRO:9:C
1	vdw	X:GLU:8:O	X:THR:11:CB
1	vdw	X:GLU:8:O	X:THR:11:OG1
1	vdw	X:ALA:29:O	X:CYS:31:N
1	vdw	X:CYS:31:O	X:LYS:33:CG
1	vdw	X:CYS:22:CA	X:SER:28:O
1	vdw	X:CYS:22:C	X:SER:28:O
1	vdw	X:GLY:23:N	X:SER:28:C
1	vdw	X:GLY:23:N	X:SER:28:O
1	vdw	X:GLY:23:N	X:SER:28:OG
1	vdw	X:GLY:23:CA	X:SER:28:OG
1	vdw	X:CYS:22:O	X:GLY:10:CA
1	vdw	X:ALA:29:CA	X:ARG:21:O
1	vdw	X:ALA:29:C	X:ARG:21:O
1	vdw	X:GLY:10:N	X:GLY:23:O
1	vdw	X:GLY:23:O	X:PRO:9:CA
1	vdw	X:GLY:23:O	X:PRO:9:CB
1	vdw	X:ASP:25:N	X:GLY:23:C
1	vdw	X:PRO:9:CB	X:SER:24:O
1	vdw	X:GLY:26:N	X:SER:24:C
1	vdw	X:PRO:9:CB	X:SER:24:CA
1	vdw	X:PRO:9:CB	X:SER:24:C
1	vdw	X:CYS:36:C	X:GLN:38:NE2
1	vdw	X:CYS:36:O	X:GLN:38:NE2
1	vdw	X:ASN:37:N	X:TRP:35:O
1	vdw	X:CYS:36:CB	X:GLN:38:NE2
1	vdw	X:ASP:15:O	X:CYS:17:N
1	vdw	X:CYS:36:N	X:LEU:34:O
1	vdw	X:ASN:18:CG	X:LEU:34:O
1	vdw	X:ASN:18:OD1	X:LEU:34:O
1	vdw	X:ASN:18:ND2	X:LEU:34:O
1	vdw	X:ASN:18:N	X:ASP:15:O
1	vdw	X:ASN:18:CB	X:ASP:15:O
1	vdw	X:ASN:18:CG	X:LYS:33:CA
1	vdw	X:ASN:18:OD1	X:LYS:33:CA
1	vdw	X:ASN:18:N	X:LYS:16:C
1	vdw	X:ASN:18:O	X:ASP:15:N
1	vdw	X:ASN:18:O	X:ASP:15:O
1	vdw	X:CYS:31:CB	X:LYS:33:CE
1	vdw	X:ASP:15:OD1	X:LYS:33:CE
1	vdw	X:ASP:15:CB	X:CYS:20:SG
1	vdw	X:CYS:20:CB	X:PHE:13:CE1
1	vdw	X:CYS:20:CB	X:PHE:13:CZ
1	vdw	X:ALA:29:CB	X:PHE:13:CZ
1	vdw	X:CYS:22:SG	X:PHE:13:CE2
1	vdw	X:ALA:29:CB	X:PHE:13:CE2
1	vdw	X:CYS:22:SG	X:SER:28:O
1	vdw	X:ALA:29:CB	X:CYS:22:SG
1	vdw	X:CYS:7:CB	X:THR:11:OG1
1	vdw	X:GLU:8:C	X:THR:11:OG1
1	vdw	X:CYS:22:CB	X:SER:28:O
1	vdw	X:ALA:29:CB	X:VAL:5:CG1
1	vdw	X:CYS:7:SG	X:GLY:26:CA
1	vdw	X:CYS:7:SG	X:GLY:26:C
1	vdw	X:CYS:7:O	X:GLY:26:CA
1	vdw	X:CYS:7:O	X:GLY:26:C
1	vdw	X:CYS:7:SG	X:GLY:26:O
1	vdw	X:CYS:7:SG	X:VAL:5:CG1
1	vdw	X:CYS:7:O	X:GLY:26:O
1	vdw	X:ASP:25:OD2	X:SER:28:N
1	vdw	X:ASP:25:OD2	X:SER:28:CB
1	vdw	X:ASP:25:CG	X:SER:28:OG
1	vdw	X:ASP:25:OD2	X:SER:28:OG
1	vdw	X:ASP:25:OD2	X:LYS:27:N
1	vdw	X:ASP:25:C	X:LYS:27:N
1	vdw	X:ASP:25:O	X:LYS:27:N
1	vdw	X:ASP:15:OD2	X:GLY:1:N
1	vdw	X:ASP:15:OD2	X:GLY:1:CA
1	vdw	X:ASP:15:CG	X:LYS:33:NZ
1	vdw	X:ASP:15:OD1	X:LYS:33:NZ
1	vdw	X:ASP:15:CG	X:GLY:1:N
1	vdw	X:ASP:15:OD1	X:GLY:1:N
1	vdw	X:ASP:15:CG	X:GLY:1:CA
1	vdw	X:ASP:15:OD1	X:GLY:1:CA
1	vdw	X:GLY:26:O	X:THR:6:CA
1	vdw	X:CYS:7:N	X:GLY:26:O
1	vdw	X:GLY:1:O	X:GLY:3:N
1	hbbb	X:ASN:18:O	X:ASP:15:N
1	hbbb	X:PRO:9:O	X:THR:11:N
1	hbbb	X:CYS:31:O	X:LYS:33:N
1	hbsb	X:CYS:36:O	X:GLN:38:NE2
1	hbbb	X:ASN:18:N	X:ASP:15:O
1	hbss	X:ASP:25:OD2	X:SER:28:OG
1	hbsb	X:ASN:18:ND2	X:LEU:34:O
1	hbbb	X:CYS:22:N	X:THR:11:O
1	hbsb	X:ASP:15:OD2	X:GLY:1:N
1	hbsb	X:ASP:25:OD2	X:LYS:27:N
1	hbsb	X:ASP:25:OD2	X:SER:28:N
1	hbbb	X:CYS:20:O	X:PHE:13:N
1	hbbb	X:GLY:23:N	X:SER:28:O
1	hbbb	X:LEU:34:N	X:THR:32:O
1	hbbb	X:CYS:7:N	X:GLY:26:O
1	hbbb	X:CYS:20:N	X:PHE:13:O
1	hbsb	X:ASP:15:OD1	X:GLY:1:N
1	hbss	X:ASP:15:OD1	X:LYS:33:NZ
1	hbbb	X:GLU:8:O	X:THR:11:N
1	hbbb	X:GLY:10:N	X:GLY:23:O
1	hbsb	X:ARG:21:NE	X:GLY:10:O
1	hbsb	X:GLU:8:O	X:THR:11:OG1
1	hp	X:ALA:29:CB	X:VAL:5:CG1
1	hp	X:ALA:29:CB	X:PHE:13:CE2
1	hp	X:ALA:29:CB	X:PHE:13:CZ
2	vdw	X:CYS:36:C	X:GLN:38:N
2	vdw	X:CYS:36:O	X:GLN:38:N
2	vdw	X:CYS:17:O	X:GLN:38:CG
2	vdw	X:ASN:37:CA	X:TRP:35:CD1
2	vdw	X:CYS:36:O	X:GLN:38:NE2
2	vdw	X:LYS:14:CD	X:THR:19:OG1
2	vdw	X:GLY:10:O	X:THR:12:N
2	vdw	X:CYS:20:O	X:THR:12:CA
2	vdw	X:ARG:21:CA	X:THR:11:O
2	vdw	X:PRO:9:C	X:THR:11:N
2	vdw	X:PRO:9:O	X:THR:11:N
2	vdw	X:CYS:22:O	X:GLY:10:CA
2	vdw	X:CYS:22:CB	X:THR:11:N
2	vdw	X:GLU:8:O	X:THR:11:N
2	vdw	X:GLU:8:C	X:GLY:10:N
2	vdw	X:GLU:8:O	X:GLY:10:N
2	vdw	X:GLY:10:N	X:GLY:23:O
2	vdw	X:GLY:23:C	X:GLY:26:N
2	vdw	X:CYS:22:O	X:GLY:10:N
2	vdw	X:ASP:25:N	X:GLY:23:C
2	vdw	X:GLY:23:O	X:PRO:9:CA
2	vdw	X:GLY:26:N	X:SER:24:C
2	vdw	X:LYS:14:NZ	X:LYS:16:O
2	vdw	X:ASN:37:N	X:TRP:35:CD1
2	vdw	X:ASN:37:N	X:TRP:35:C
2	vdw	X:ASN:18:N	X:ASP:15:O
2	vdw	X:ASN:18:N	X:LYS:16:C
2	vdw	X:ASN:18:N	X:LYS:16:O
2	vdw	X:ASN:18:O	X:LYS:14:CE
2	vdw	X:ASN:18:O	X:LYS:14:CA
2	vdw	X:LYS:14:CE	X:LYS:16:O
2	vdw	X:ASN:18:O	X:LYS:14:C
2	vdw	X:ASN:18:O	X:ASP:15:N
2	vdw	X:ASN:18:O	X:ASP:15:CA
2	vdw	X:ASN:18:O	X:ASP:15:C
2	vdw	X:ASN:18:O	X:ASP:15:O
2	vdw	X:ASN:18:CG	X:THR:32:OG1
2	vdw	X:ASN:18:OD1	X:THR:32:OG1
2	vdw	X:ASN:18:ND2	X:THR:32:OG1
2	vdw	X:ASN:18:ND2	X:THR:32:O
2	vdw	X:ASN:18:CG	X:CYS:31:SG
2	vdw	X:ASN:18:ND2	X:CYS:31:SG
2	vdw	X:ASN:18:CB	X:ASP:15:O
2	vdw	X:PHE:13:O	X:THR:19:CA
2	vdw	X:PHE:13:O	X:THR:19:C
2	vdw	X:CYS:20:N	X:PHE:13:O
2	vdw	X:CYS:31:SG	X:THR:19:C
2	vdw	X:CYS:31:SG	X:THR:19:O
2	vdw	X:ASP:15:CB	X:CYS:20:SG
2	vdw	X:CYS:20:O	X:PHE:13:N
2	vdw	X:CYS:20:O	X:PHE:13:O
2	vdw	X:PHE:13:CD1	X:THR:11:O
2	vdw	X:CYS:22:SG	X:PHE:13:CD1
2	vdw	X:GLU:8:O	X:THR:11:CB
2	vdw	X:LEU:34:N	X:THR:32:C
2	vdw	X:CYS:20:CA	X:VAL:30:O
2	vdw	X:CYS:20:CB	X:VAL:30:O
2	vdw	X:CYS:20:CB	X:PHE:13:CE1
2	vdw	X:ARG:21:N	X:VAL:30:O
2	vdw	X:CYS:20:CB	X:PHE:13:CZ
2	vdw	X:CYS:20:CB	X:PHE:13:CE2
2	vdw	X:CYS:22:SG	X:PHE:13:CE1
2	vdw	X:ARG:21:C	X:THR:11:O
2	vdw	X:ALA:29:CB	X:PHE:13:CE1
2	vdw	X:ALA:29:CA	X:ARG:21:O
2	vdw	X:ALA:29:CB	X:ARG:21:O
2	vdw	X:ARG:21:O	X:VAL:30:N
2	vdw	X:CYS:22:N	X:THR:11:O
2	vdw	X:CYS:22:CA	X:THR:11:O
2	vdw	X:CYS:22:CB	X:THR:11:O
2	vdw	X:CYS:22:CB	X:GLU:8:O
2	vdw	X:CYS:22:CA	X:SER:28:O
2	vdw	X:CYS:22:SG	X:VAL:5:CG2
2	vdw	X:ALA:29:CB	X:SER:2:O
2	vdw	X:ALA:29:CB	X:PHE:13:CZ
2	vdw	X:CYS:22:C	X:SER:28:O
2	vdw	X:GLY:23:N	X:SER:28:O
2	vdw	X:GLY:23:O	X:GLY:26:N
2	vdw	X:GLY:23:O	X:GLY:26:CA
2	vdw	X:ASP:25:N	X:GLY:23:O
2	vdw	X:CYS:7:O	X:GLY:26:CA
2	vdw	X:ASP:25:C	X:LYS:27:N
2	vdw	X:CYS:17:SG	X:TRP:35:CH2
2	vdw	X:CYS:17:SG	X:TRP:35:CZ3
2	vdw	X:ASP:15:O	X:CYS:17:N
2	vdw	X:ASP:15:C	X:CYS:17:N
2	vdw	X:LYS:14:C	X:LYS:16:N
2	vdw	X:ASP:15:OD2	X:SER:2:CB
2	vdw	X:ASP:15:CG	X:SER:2:OG
2	vdw	X:ASP:15:OD2	X:SER:2:OG
2	vdw	X:CYS:7:SG	X:VAL:5:CG2
2	vdw	X:SER:28:CA	X:VAL:5:CG2
2	vdw	X:SER:28:C	X:VAL:5:CG2
2	vdw	X:CYS:7:N	X:GLY:26:O
2	vdw	X:CYS:7:O	X:GLY:26:C
2	vdw	X:CYS:7:O	X:GLY:26:O
2	vdw	X:ALA:29:N	X:GLY:3:O
2	vdw	X:GLY:3:O	X:SER:28:CA
2	vdw	X:GLY:3:O	X:SER:28:C
2	vdw	X:GLU:4:N	X:SER:2:C
2	vdw	X:GLY:3:O	X:SER:28:CB
2	vdw	X:SER:2:C	X:VAL:5:CG1
2	vdw	X:GLY:26:C	X:SER:28:N
2	vdw	X:LYS:27:C	X:VAL:5:O
2	vdw	X:LYS:27:O	X:VAL:5:N
2	vdw	X:LYS:27:O	X:VAL:5:O
2	vdw	X:GLU:4:CA	X:LYS:27:O
2	vdw	X:GLU:4:CB	X:LYS:27:O
2	vdw	X:GLY:26:O	X:VAL:5:O
2	vdw	X:LYS:27:CA	X:VAL:5:O
2	vdw	X:GLY:1:C	X:GLY:3:N
2	vdw	X:SER:2:CA	X:VAL:5:CG1
2	hbbb	X:CYS:22:O	X:GLY:10:N
2	hbbb	X:ASN:18:O	X:ASP:15:N
2	hbbb	X:ASN:18:N	X:ASP:15:O
2	hbbb	X:LYS:27:O	X:VAL:5:N
2	hbbb	X:CYS:22:N	X:THR:11:O
2	hbbb	X:ARG:21:O	X:VAL:30:N
2	hbbb	X:ARG:21:N	X:VAL:30:O
2	hbbb	X:ALA:29:N	X:GLY:3:O
2	hbbb	X:CYS:20:O	X:PHE:13:N
2	hbbb	X:GLY:23:N	X:SER:28:O
2	hbsb	X:ASN:18:OD1	X:THR:19:N
2	hbbb	X:GLY:23:O	X:GLY:26:N
2	hbsb	X:ASN:37:O	X:GLN:38:NE2
2	hbbb	X:CYS:7:N	X:GLY:26:O
2	hbbb	X:CYS:20:N	X:PHE:13:O
2	hbbb	X:GLU:8:O	X:THR:11:N
2	hbsb	X:ASN:18:ND2	X:THR:32:O
2	hbbb	X:GLY:10:N	X:GLY:23:O
2	hbbb	X:ASN:18:N	X:LYS:16:O
2	hbss	X:ASN:18:ND2	X:THR:32:OG1
2	hbss	X:ASP:15:OD2	X:SER:2:OG
2	hp	X:ALA:29:CB	X:PHE:13:CE1
2	hp	X:ALA:29:CB	X:PHE:13:CZ
3	sb	X:ASP:15:OD1	X:LYS:16:NZ
3	sb	X:ASP:15:OD2	X:LYS:16:NZ
3	vdw	X:LYS:14:CD	X:THR:19:OG1
3	vdw	X:THR:12:CG2	X:THR:19:CG2
3	vdw	X:CYS:20:O	X:THR:12:CA
3	vdw	X:ARG:21:CB	X:THR:11:O
3	vdw	X:ASN:18:C	X:LYS:14:CE
3	vdw	X:ASN:18:O	X:LYS:14:CE
3	vdw	X:LYS:14:CE	X:LYS:16:O
3	vdw	X:LYS:14:NZ	X:LYS:16:O
3	vdw	X:ASN:18:CG	X:THR:32:CG2
3	vdw	X:ASN:18:OD1	X:THR:32:CG2
3	vdw	X:ASN:18:N	X:ASP:15:O
3	vdw	X:ASN:18:N	X:LYS:16:C
3	vdw	X:ASN:18:CB	X:CYS:31:SG
3	vdw	X:CYS:31:SG	X:THR:19:C
3	vdw	X:ASN:18:O	X:ASP:15:O
3	vdw	X:ASN:18:O	X:ASP:15:N
3	vdw	X:ASN:18:CB	X:CYS:20:SG
3	vdw	X:ASN:18:O	X:LYS:14:CA
3	vdw	X:CYS:20:N	X:PHE:13:O
3	vdw	X:CYS:20:O	X:PHE:13:C
3	vdw	X:CYS:20:CA	X:PHE:13:O
3	vdw	X:CYS:20:C	X:PHE:13:O
3	vdw	X:CYS:20:O	X:PHE:13:O
3	vdw	X:LEU:34:CG	X:THR:32:OG1
3	vdw	X:LEU:34:CD1	X:THR:32:OG1
3	vdw	X:LEU:34:CD1	X:THR:32:CG2
3	vdw	X:CYS:31:SG	X:THR:19:O
3	vdw	X:ARG:21:CA	X:THR:11:O
3	vdw	X:ARG:21:N	X:VAL:30:O
3	vdw	X:CYS:20:CB	X:PHE:13:CE1
3	vdw	X:CYS:20:O	X:PHE:13:CD1
3	vdw	X:CYS:20:O	X:PHE:13:N
3	vdw	X:ARG:21:C	X:THR:11:O
3	vdw	X:CYS:22:N	X:THR:11:O
3	vdw	X:GLU:8:O	X:THR:11:N
3	vdw	X:GLU:8:O	X:THR:11:CB
3	vdw	X:GLU:8:O	X:GLY:10:N
3	vdw	X:PRO:9:C	X:THR:11:N
3	vdw	X:CYS:7:CB	X:THR:11:CG2
3	vdw	X:PRO:9:O	X:THR:11:N
3	vdw	X:CYS:22:CB	X:GLU:8:O
3	vdw	X:ALA:29:CA	X:ARG:21:O
3	vdw	X:ALA:29:C	X:ARG:21:O
3	vdw	X:ARG:21:O	X:VAL:30:N
3	vdw	X:CYS:22:O	X:GLY:10:N
3	vdw	X:CYS:22:O	X:GLY:10:CA
3	vdw	X:CYS:22:CA	X:SER:28:O
3	vdw	X:CYS:22:C	X:SER:28:O
3	vdw	X:GLY:23:N	X:SER:28:O
3	vdw	X:GLY:23:O	X:PRO:9:C
3	vdw	X:GLY:10:N	X:GLY:23:O
3	vdw	X:GLY:23:O	X:PRO:9:CA
3	vdw	X:GLY:23:O	X:GLY:26:CA
3	vdw	X:ASP:25:N	X:GLY:23:O
3	vdw	X:GLY:23:O	X:GLY:26:N
3	vdw	X:PRO:9:CB	X:SER:24:O
3	vdw	X:GLY:26:CA	X:PRO:9:CA
3	vdw	X:ASP:25:N	X:GLY:23:C
3	vdw	X:GLY:23:C	X:GLY:26:N
3	vdw	X:GLY:26:N	X:SER:24:C
3	vdw	X:CYS:36:O	X:GLN:38:NE2
3	vdw	X:CYS:36:SG	X:LYS:16:CB
3	vdw	X:ASP:15:C	X:CYS:17:N
3	vdw	X:ASP:15:O	X:CYS:17:N
3	vdw	X:ASN:18:ND2	X:LEU:34:O
3	vdw	X:LEU:34:N	X:THR:32:O
3	vdw	X:LEU:34:N	X:THR:32:C
3	vdw	X:ALA:29:CB	X:PHE:13:CZ
3	vdw	X:ALA:29:CB	X:PHE:13:CE1
3	vdw	X:ALA:29:CB	X:VAL:5:CG2
3	vdw	X:PHE:13:CZ	X:VAL:5:CG1
3	vdw	X:CYS:22:SG	X:PHE:13:CE1
3	vdw	X:CYS:22:SG	X:SER:28:C
3	vdw	X:CYS:22:SG	X:SER:28:O
3	vdw	X:CYS:22:SG	X:VAL:5:CG1
3	vdw	X:CYS:7:SG	X:GLY:26:C
3	vdw	X:CYS:7:SG	X:GLY:26:O
3	vdw	X:GLU:8:C	X:GLY:26:CA
3	vdw	X:CYS:7:SG	X:VAL:5:CG1
3	vdw	X:ALA:29:N	X:VAL:5:CG2
3	vdw	X:CYS:22:CB	X:SER:28:O
3	vdw	X:GLY:26:CA	X:PRO:9:N
3	vdw	X:GLY:26:C	X:SER:28:N
3	vdw	X:ASP:25:CG	X:LYS:27:CG
3	vdw	X:ASP:25:C	X:LYS:27:N
3	vdw	X:ASP:25:O	X:LYS:27:N
3	vdw	X:ASP:25:OD1	X:LYS:27:CG
3	vdw	X:LYS:27:O	X:VAL:5:N
3	vdw	X:GLU:4:CA	X:LYS:27:O
3	vdw	X:GLU:4:CG	X:LYS:27:O
3	hbbb	X:CYS:22:O	X:GLY:10:N
3	hbbb	X:ASN:18:O	X:ASP:15:N
3	hbsb	X:CYS:36:O	X:GLN:38:NE2
3	hbss	X:ASP:15:OD2	X:LYS:16:NZ
3	hbbb	X:ASN:18:N	X:ASP:15:O
3	hbbb	X:LYS:27:O	X:VAL:5:N
3	hbsb	X:ASN:18:ND2	X:LEU:34:O
3	hbbb	X:CYS:22:N	X:THR:11:O
3	hbbb	X:ARG:21:O	X:VAL:30:N
3	hbbb	X:ARG:21:N	X:VAL:30:O
3	hbbb	X:CYS:20:O	X:PHE:13:N
3	hbbb	X:GLY:23:N	X:SER:28:O
3	hbss	X:ASP:15:OD1	X:LYS:16:NZ
3	hbsb	X:GLY:3:N	X:SER:2:OG
3	hbbb	X:GLY:23:O	X:GLY:26:N
3	hbbb	X:LEU:34:N	X:THR:32:O
3	hbbb	X:CYS:20:N	X:PHE:13:O
3	hbbb	X:GLU:8:O	X:THR:11:N
3	hbbb	X:GLY:10:N	X:GLY:23:O
3	hp	X:PHE:13:CZ	X:VAL:5:CG1
3	hp	X:ALA:29:CB	X:PHE:13:CE1
3	hp	X:ALA:29:CB	X:VAL:5:CG2
3	hp	X:ALA:29:CB	X:PHE:13:CZ
4	vdw	X:LYS:14:NZ	X:THR:19:OG1
4	vdw	X:ASN:18:C	X:LYS:14:NZ
4	vdw	X:ASN:18:O	X:LYS:14:NZ
4	vdw	X:CYS:17:C	X:LYS:14:NZ
4	vdw	X:CYS:17:O	X:LYS:14:NZ
4	vdw	X:THR:12:CG2	X:THR:19:CG2
4	vdw	X:PHE:13:O	X:THR:19:CG2
4	vdw	X:CYS:20:O	X:THR:12:CA
4	vdw	X:CYS:20:O	X:THR:12:C
4	vdw	X:THR:19:O	X:THR:32:CG2
4	vdw	X:ARG:21:CB	X:THR:11:O
4	vdw	X:ARG:21:CA	X:THR:11:O
4	vdw	X:ARG:21:C	X:THR:11:O
4	vdw	X:CYS:22:N	X:THR:11:O
4	vdw	X:PRO:9:C	X:THR:11:N
4	vdw	X:GLU:8:O	X:THR:11:N
4	vdw	X:ARG:21:CG	X:VAL:30:CG2
4	vdw	X:CYS:22:O	X:GLY:10:N
4	vdw	X:CYS:22:O	X:GLY:10:CA
4	vdw	X:GLU:8:O	X:GLY:10:N
4	vdw	X:GLU:8:C	X:GLY:10:N
4	vdw	X:PRO:9:CB	X:SER:24:O
4	vdw	X:GLY:23:O	X:PRO:9:CB
4	vdw	X:CYS:36:SG	X:GLN:38:N
4	vdw	X:CYS:36:C	X:GLN:38:N
4	vdw	X:CYS:36:SG	X:GLN:38:CB
4	vdw	X:ASN:37:CA	X:TRP:35:CD1
4	vdw	X:ASN:37:OD1	X:TRP:35:CD1
4	vdw	X:ASN:37:N	X:TRP:35:C
4	vdw	X:ASN:37:N	X:TRP:35:CD1
4	vdw	X:CYS:36:SG	X:GLN:38:OT1
4	vdw	X:CYS:17:C	X:LYS:14:CE
4	vdw	X:CYS:17:O	X:LYS:14:CE
4	vdw	X:CYS:17:SG	X:TRP:35:CZ3
4	vdw	X:CYS:17:SG	X:TRP:35:CH2
4	vdw	X:ASP:15:O	X:CYS:17:N
4	vdw	X:CYS:17:SG	X:TRP:35:CD2
4	vdw	X:CYS:17:SG	X:TRP:35:CE3
4	vdw	X:LYS:14:CE	X:LYS:16:O
4	vdw	X:ASN:18:N	X:LYS:16:O
4	vdw	X:LYS:14:CB	X:LYS:16:O
4	vdw	X:ASN:18:O	X:LYS:14:CE
4	vdw	X:ASN:18:N	X:ASP:15:O
4	vdw	X:ASN:18:N	X:LYS:16:C
4	vdw	X:LYS:33:O	X:TRP:35:N
4	vdw	X:ASN:18:CA	X:THR:32:OG1
4	vdw	X:ASN:18:CB	X:THR:32:OG1
4	vdw	X:ASN:18:C	X:THR:32:OG1
4	vdw	X:THR:19:N	X:THR:32:OG1
4	vdw	X:THR:19:O	X:THR:32:OG1
4	vdw	X:ASN:18:OD1	X:TRP:35:CE3
4	vdw	X:PHE:13:O	X:THR:19:CA
4	vdw	X:PHE:13:O	X:THR:19:C
4	vdw	X:ASN:18:CB	X:CYS:31:SG
4	vdw	X:CYS:31:SG	X:THR:19:N
4	vdw	X:CYS:31:SG	X:THR:19:C
4	vdw	X:ASN:18:O	X:ASP:15:N
4	vdw	X:ASN:18:O	X:LYS:14:CA
4	vdw	X:ASN:18:O	X:LYS:14:CD
4	vdw	X:ASN:18:CA	X:ASP:15:O
4	vdw	X:ASN:18:CB	X:ASP:15:O
4	vdw	X:ASN:18:O	X:LYS:14:C
4	vdw	X:CYS:20:N	X:PHE:13:O
4	vdw	X:CYS:20:CA	X:PHE:13:O
4	vdw	X:CYS:20:O	X:PHE:13:O
4	vdw	X:GLU:8:O	X:THR:11:CB
4	vdw	X:LEU:34:N	X:THR:32:C
4	vdw	X:CYS:31:C	X:LYS:33:N
4	vdw	X:CYS:31:O	X:LYS:33:N
4	vdw	X:CYS:31:CA	X:THR:19:O
4	vdw	X:CYS:31:SG	X:THR:19:O
4	vdw	X:CYS:31:C	X:THR:19:O
4	vdw	X:THR:19:O	X:THR:32:N
4	vdw	X:CYS:20:CA	X:VAL:30:O
4	vdw	X:CYS:20:C	X:VAL:30:O
4	vdw	X:ARG:21:N	X:VAL:30:O
4	vdw	X:CYS:20:CB	X:PHE:13:CE1
4	vdw	X:CYS:20:CB	X:PHE:13:CZ
4	vdw	X:CYS:20:C	X:PHE:13:CE1
4	vdw	X:CYS:20:O	X:PHE:13:CE1
4	vdw	X:CYS:20:CB	X:PHE:13:CD1
4	vdw	X:CYS:20:C	X:PHE:13:CD1
4	vdw	X:CYS:20:O	X:PHE:13:N
4	vdw	X:CYS:20:O	X:PHE:13:CA
4	vdw	X:CYS:20:O	X:PHE:13:CD1
4	vdw	X:CYS:20:CB	X:PHE:13:CE2
4	vdw	X:ALA:29:CB	X:ARG:21:C
4	vdw	X:ALA:29:CB	X:CYS:22:N
4	vdw	X:ALA:29:CB	X:CYS:22:SG
4	vdw	X:CYS:22:CB	X:GLU:8:O
4	vdw	X:ARG:21:O	X:VAL:30:N
4	vdw	X:ARG:21:O	X:VAL:30:CG2
4	vdw	X:ALA:29:CA	X:ARG:21:O
4	vdw	X:ALA:29:CB	X:ARG:21:O
4	vdw	X:CYS:22:CA	X:SER:28:O
4	vdw	X:ALA:29:CB	X:CYS:22:CA
4	vdw	X:CYS:22:C	X:SER:28:O
4	vdw	X:GLY:23:N	X:SER:28:O
4	vdw	X:GLY:23:O	X:GLY:26:N
4	vdw	X:GLY:23:O	X:PRO:9:CA
4	vdw	X:GLY:26:CA	X:PRO:9:CG
4	vdw	X:GLY:26:N	X:SER:24:C
4	vdw	X:GLY:26:N	X:SER:24:O
4	vdw	X:CYS:22:CB	X:SER:28:O
4	vdw	X:CYS:7:O	X:GLY:26:CA
4	vdw	X:PRO:9:CG	X:SER:24:O
4	vdw	X:CYS:7:O	X:PRO:9:CD
4	vdw	X:ASP:25:N	X:GLY:23:C
4	vdw	X:ASP:25:C	X:LYS:27:N
4	vdw	X:LYS:14:C	X:LYS:16:N
4	vdw	X:LYS:14:O	X:LYS:16:N
4	vdw	X:ASN:18:CG	X:ASP:15:O
4	vdw	X:ASP:15:CB	X:CYS:20:SG
4	vdw	X:CYS:20:SG	X:SER:2:OG
4	vdw	X:ALA:29:CB	X:PHE:13:CE1
4	vdw	X:CYS:7:N	X:GLY:26:O
4	vdw	X:CYS:7:SG	X:GLY:26:C
4	vdw	X:CYS:7:SG	X:GLY:26:O
4	vdw	X:ALA:29:O	X:SER:2:CB
4	vdw	X:SER:2:O	X:VAL:5:CG2
4	vdw	X:ALA:29:N	X:SER:2:O
4	vdw	X:SER:28:CA	X:VAL:5:CG2
4	vdw	X:SER:28:C	X:VAL:5:CG2
4	vdw	X:CYS:7:SG	X:VAL:5:CG2
4	vdw	X:LYS:27:CA	X:VAL:5:O
4	vdw	X:LYS:27:C	X:VAL:5:O
4	vdw	X:CYS:7:O	X:GLY:26:C
4	vdw	X:CYS:7:C	X:GLY:26:O
4	vdw	X:CYS:7:O	X:GLY:26:O
4	vdw	X:GLY:1:C	X:GLY:3:N
4	vdw	X:GLU:4:N	X:SER:2:C
4	vdw	X:GLY:3:C	X:VAL:5:N
4	vdw	X:GLY:3:O	X:VAL:5:N
4	vdw	X:GLY:3:O	X:LYS:27:O
4	vdw	X:LYS:27:O	X:VAL:5:O
4	hbbb	X:CYS:22:O	X:GLY:10:N
4	hbbb	X:ASN:18:O	X:ASP:15:N
4	hbbb	X:LYS:27:N	X:SER:28:N
4	hbbb	X:ASN:18:N	X:ASP:15:O
4	hbbb	X:CYS:22:N	X:THR:11:O
4	hbbb	X:ARG:21:O	X:VAL:30:N
4	hbbb	X:ARG:21:N	X:VAL:30:O
4	hbbb	X:CYS:20:O	X:PHE:13:N
4	hbbb	X:GLY:26:N	X:LYS:27:N
4	hbsb	X:CYS:17:O	X:LYS:14:NZ
4	hbbb	X:GLY:23:N	X:SER:28:O
4	hbbb	X:GLY:23:O	X:GLY:26:N
4	hbss	X:LYS:14:NZ	X:THR:19:OG1
4	hbbb	X:THR:19:O	X:THR:32:N
4	hbbb	X:CYS:20:N	X:PHE:13:O
4	hbbb	X:CYS:7:N	X:GLY:26:O
4	hbbb	X:ALA:29:N	X:SER:2:O
4	hbbb	X:GLU:8:O	X:THR:11:N
4	hbsb	X:THR:19:N	X:THR:32:OG1
4	hp	X:ALA:29:CB	X:PHE:13:CE1
5	sb	X:GLU:4:OE1	X:LYS:27:NZ
5	sb	X:GLU:4:OE2	X:LYS:27:NZ
5	vdw	X:THR:19:N	X:THR:32:OG1
5	vdw	X:CYS:20:O	X:THR:12:C
5	vdw	X:CYS:31:SG	X:THR:19:O
5	vdw	X:THR:19:O	X:THR:32:N
5	vdw	X:CYS:31:CA	X:THR:19:O
5	vdw	X:ASN:18:CA	X:THR:32:OG1
5	vdw	X:ASN:18:CB	X:THR:32:OG1
5	vdw	X:CYS:31:SG	X:THR:19:C
5	vdw	X:CYS:20:N	X:PHE:13:O
5	vdw	X:CYS:20:O	X:THR:12:CA
5	vdw	X:CYS:20:O	X:THR:12:CB
5	vdw	X:CYS:20:O	X:THR:12:OG1
5	vdw	X:CYS:20:O	X:PHE:13:N
5	vdw	X:CYS:20:O	X:PHE:13:O
5	vdw	X:ARG:21:CA	X:THR:11:O
5	vdw	X:ARG:21:C	X:THR:11:O
5	vdw	X:CYS:22:N	X:THR:11:O
5	vdw	X:ARG:21:CD	X:VAL:30:O
5	vdw	X:ARG:21:CB	X:THR:11:O
5	vdw	X:CYS:22:O	X:GLY:10:CA
5	vdw	X:CYS:22:O	X:GLY:10:C
5	vdw	X:CYS:22:O	X:THR:11:N
5	vdw	X:CYS:22:O	X:GLY:10:N
5	vdw	X:PRO:9:C	X:THR:11:N
5	vdw	X:GLY:10:CA	X:GLY:23:O
5	vdw	X:GLU:8:O	X:GLY:10:N
5	vdw	X:GLY:10:N	X:GLY:23:O
5	vdw	X:ASP:25:N	X:GLY:23:C
5	vdw	X:CYS:36:SG	X:GLN:38:N
5	vdw	X:CYS:36:SG	X:GLN:38:CB
5	vdw	X:CYS:36:SG	X:GLN:38:CG
5	vdw	X:CYS:36:C	X:GLN:38:N
5	vdw	X:ASP:15:C	X:CYS:17:N
5	vdw	X:ASP:15:O	X:CYS:17:N
5	vdw	X:ASN:18:O	X:ASP:15:C
5	vdw	X:ASN:18:O	X:ASP:15:N
5	vdw	X:ASN:18:O	X:ASP:15:CA
5	vdw	X:ASN:18:CB	X:CYS:31:SG
5	vdw	X:ASN:18:O	X:ASP:15:CB
5	vdw	X:CYS:20:CA	X:PHE:13:O
5	vdw	X:CYS:20:CB	X:PHE:13:O
5	vdw	X:CYS:20:C	X:PHE:13:O
5	vdw	X:ASN:18:ND2	X:LEU:34:C
5	vdw	X:ASN:18:CG	X:LEU:34:O
5	vdw	X:ASN:18:ND2	X:LEU:34:O
5	vdw	X:LEU:34:N	X:THR:32:O
5	vdw	X:LEU:34:N	X:THR:32:C
5	vdw	X:CYS:20:CA	X:VAL:30:O
5	vdw	X:CYS:20:C	X:VAL:30:O
5	vdw	X:ASP:15:CB	X:CYS:20:SG
5	vdw	X:GLU:8:O	X:THR:11:CB
5	vdw	X:GLU:8:O	X:THR:11:CG2
5	vdw	X:ARG:21:O	X:VAL:30:N
5	vdw	X:ARG:21:O	X:VAL:30:O
5	vdw	X:ARG:21:N	X:VAL:30:O
5	vdw	X:ALA:29:CA	X:ARG:21:O
5	vdw	X:CYS:22:CA	X:SER:28:O
5	vdw	X:ALA:29:C	X:ARG:21:O
5	vdw	X:CYS:22:CB	X:SER:28:O
5	vdw	X:GLY:23:N	X:SER:28:O
5	vdw	X:ASP:25:N	X:GLY:23:O
5	vdw	X:GLY:23:O	X:GLY:26:N
5	vdw	X:GLY:26:N	X:SER:24:C
5	vdw	X:ASP:25:C	X:LYS:27:N
5	vdw	X:ASP:25:OD1	X:LYS:27:N
5	vdw	X:ASN:37:CA	X:TRP:35:CE2
5	vdw	X:ASN:37:CA	X:TRP:35:CZ2
5	vdw	X:ASN:37:CA	X:TRP:35:CH2
5	vdw	X:ASN:37:CG	X:TRP:35:CZ2
5	vdw	X:ASN:37:OD1	X:TRP:35:CZ2
5	vdw	X:ASN:37:OD1	X:TRP:35:CH2
5	vdw	X:GLN:38:CG	X:LYS:16:CE
5	vdw	X:GLN:38:OT1	X:TRP:35:CZ3
5	vdw	X:ASN:37:N	X:TRP:35:CE2
5	vdw	X:ASN:37:N	X:TRP:35:CD2
5	vdw	X:ALA:29:CB	X:CYS:22:SG
5	vdw	X:ALA:29:CB	X:VAL:5:CG1
5	vdw	X:CYS:7:SG	X:VAL:5:CB
5	vdw	X:CYS:7:SG	X:VAL:5:CG2
5	vdw	X:GLY:26:O	X:VAL:5:CG2
5	vdw	X:GLY:26:C	X:SER:28:N
5	vdw	X:ASP:25:CG	X:LYS:27:N
5	vdw	X:ASP:25:CG	X:LYS:27:CB
5	vdw	X:LYS:27:CA	X:VAL:5:CG2
5	vdw	X:LYS:27:C	X:VAL:5:CG2
5	vdw	X:GLN:38:OE1	X:LYS:16:CE
5	vdw	X:GLN:38:OE1	X:LYS:16:NZ
5	vdw	X:GLU:4:OE2	X:LYS:27:NZ
5	vdw	X:GLU:4:CD	X:LYS:27:CE
5	vdw	X:GLU:4:CD	X:LYS:27:NZ
5	hbbb	X:ASN:18:O	X:ASP:15:N
5	hbsb	X:ASN:18:ND2	X:LEU:34:O
5	hbbb	X:CYS:22:N	X:THR:11:O
5	hbbb	X:ARG:21:O	X:VAL:30:N
5	hbsb	X:ASP:15:OD2	X:LYS:16:N
5	hbbb	X:ARG:21:N	X:VAL:30:O
5	hbbb	X:CYS:20:O	X:PHE:13:N
5	hbbb	X:GLY:23:N	X:SER:28:O
5	hbbb	X:GLY:23:O	X:GLY:26:N
5	hbbb	X:LEU:34:N	X:THR:32:O
5	hbsb	X:ASN:37:O	X:GLN:38:NE2
5	hbbb	X:THR:19:O	X:THR:32:N
5	hbbb	X:CYS:20:N	X:PHE:13:O
5	hbsb	X:ASP:25:OD1	X:LYS:27:N
5	hbsb	X:THR:19:N	X:THR:32:OG1
5	hbbb	X:GLY:10:N	X:GLY:23:O
5	hbss	X:GLU:4:OE2	X:LYS:27:NZ
5	hbbb	X:CYS:22:O	X:THR:11:N
5	hbss	X:GLN:38:OE1	X:LYS:16:NZ
5	hbsb	X:CYS:20:O	X:THR:12:OG1
5	hp	X:ALA:29:CB	X:VAL:5:CG1
6	sb	X:ASP:15:OD2	X:LYS:33:NZ
6	vdw	X:ARG:21:CD	X:THR:12:CB
6	vdw	X:ASN:18:C	X:CYS:20:N
6	vdw	X:ASN:18:C	X:CYS:20:SG
6	vdw	X:CYS:20:CA	X:PHE:13:O
6	vdw	X:CYS:20:C	X:PHE:13:O
6	vdw	X:CYS:20:O	X:PHE:13:O
6	vdw	X:LEU:34:CD2	X:THR:32:CG2
6	vdw	X:ASN:18:OD1	X:LEU:34:CB
6	vdw	X:ASN:18:OD1	X:THR:32:O
6	vdw	X:LEU:34:N	X:THR:32:O
6	vdw	X:CYS:31:SG	X:THR:19:C
6	vdw	X:CYS:31:SG	X:THR:19:O
6	vdw	X:CYS:20:N	X:PHE:13:O
6	vdw	X:ASN:18:O	X:CYS:20:N
6	vdw	X:CYS:20:O	X:THR:12:CA
6	vdw	X:CYS:20:CA	X:VAL:30:O
6	vdw	X:ARG:21:N	X:VAL:30:O
6	vdw	X:CYS:20:C	X:PHE:13:CE2
6	vdw	X:CYS:20:O	X:PHE:13:CE2
6	vdw	X:CYS:20:C	X:PHE:13:CD2
6	vdw	X:CYS:20:O	X:PHE:13:CD2
6	vdw	X:CYS:20:O	X:THR:12:C
6	vdw	X:CYS:20:O	X:PHE:13:N
6	vdw	X:ARG:21:C	X:THR:11:O
6	vdw	X:CYS:22:N	X:THR:11:O
6	vdw	X:CYS:22:CA	X:THR:11:O
6	vdw	X:CYS:22:CB	X:THR:11:O
6	vdw	X:PRO:9:C	X:THR:11:N
6	vdw	X:PRO:9:O	X:THR:11:N
6	vdw	X:GLU:8:O	X:THR:11:N
6	vdw	X:ARG:21:O	X:VAL:30:O
6	vdw	X:ALA:29:CA	X:ARG:21:O
6	vdw	X:ARG:21:O	X:VAL:30:N
6	vdw	X:ALA:29:C	X:ARG:21:O
6	vdw	X:ARG:21:CA	X:THR:11:O
6	vdw	X:CYS:22:O	X:GLY:10:N
6	vdw	X:CYS:22:O	X:GLY:10:CA
6	vdw	X:CYS:22:C	X:SER:28:O
6	vdw	X:GLY:10:N	X:GLY:23:O
6	vdw	X:GLU:8:O	X:GLY:10:N
6	vdw	X:ASP:25:OD2	X:GLY:23:CA
6	vdw	X:ASP:25:N	X:GLY:23:C
6	vdw	X:ASP:25:OD2	X:GLY:23:C
6	vdw	X:GLY:23:C	X:GLY:26:N
6	vdw	X:GLY:23:O	X:GLY:26:N
6	vdw	X:GLY:26:N	X:SER:24:C
6	vdw	X:GLY:23:O	X:PRO:9:CA
6	vdw	X:ASN:37:OD1	X:TRP:35:CD1
6	vdw	X:ASN:18:N	X:LYS:16:C
6	vdw	X:LYS:14:CB	X:LYS:16:O
6	vdw	X:CYS:17:SG	X:TRP:35:C
6	vdw	X:CYS:17:SG	X:TRP:35:O
6	vdw	X:CYS:36:SG	X:LEU:34:O
6	vdw	X:ASN:18:ND2	X:CYS:36:SG
6	vdw	X:ASN:37:N	X:TRP:35:C
6	vdw	X:ASP:15:O	X:CYS:17:N
6	vdw	X:ASN:18:N	X:ASP:15:O
6	vdw	X:ASN:18:N	X:LYS:16:O
6	vdw	X:ASN:18:O	X:ASP:15:N
6	vdw	X:ASN:18:O	X:LYS:14:CA
6	vdw	X:ASN:18:O	X:LYS:14:C
6	vdw	X:ASN:18:O	X:CYS:20:SG
6	vdw	X:LYS:14:C	X:LYS:16:N
6	vdw	X:ASN:18:OD1	X:LYS:33:C
6	vdw	X:ASN:18:CG	X:LEU:34:N
6	vdw	X:ASN:18:OD1	X:LEU:34:N
6	vdw	X:ASN:18:ND2	X:LEU:34:N
6	vdw	X:ASN:18:OD1	X:LEU:34:CA
6	vdw	X:ASN:18:ND2	X:LEU:34:O
6	vdw	X:ASN:18:CB	X:LYS:33:CD
6	vdw	X:ASN:18:CG	X:LYS:33:CA
6	vdw	X:ASN:18:CG	X:LYS:33:CD
6	vdw	X:ASN:18:ND2	X:LYS:33:CA
6	vdw	X:ASN:18:ND2	X:LYS:33:CD
6	vdw	X:ASN:18:CB	X:CYS:20:SG
6	vdw	X:ASN:18:CB	X:CYS:31:SG
6	vdw	X:CYS:31:SG	X:LYS:33:CD
6	vdw	X:ASN:18:CB	X:ASP:15:O
6	vdw	X:CYS:20:SG	X:LYS:33:CE
6	vdw	X:CYS:31:SG	X:LYS:33:CE
6	vdw	X:ASP:15:OD2	X:LYS:33:CE
6	vdw	X:CYS:20:CB	X:PHE:13:CZ
6	vdw	X:CYS:20:CB	X:PHE:13:CE2
6	vdw	X:ALA:29:CB	X:PHE:13:CZ
6	vdw	X:CYS:22:SG	X:PHE:13:CE2
6	vdw	X:GLU:8:O	X:THR:11:CG2
6	vdw	X:CYS:22:CA	X:SER:28:O
6	vdw	X:CYS:22:SG	X:SER:28:O
6	vdw	X:GLY:23:N	X:SER:28:O
6	vdw	X:CYS:22:SG	X:VAL:5:CG1
6	vdw	X:CYS:22:CB	X:THR:11:CG2
6	vdw	X:CYS:22:SG	X:THR:11:CG2
6	vdw	X:CYS:7:SG	X:GLY:26:CA
6	vdw	X:CYS:7:SG	X:GLY:26:C
6	vdw	X:CYS:7:SG	X:GLY:26:O
6	vdw	X:CYS:7:O	X:GLY:26:CA
6	vdw	X:CYS:7:SG	X:VAL:5:CG1
6	vdw	X:ASP:25:CG	X:SER:28:OG
6	vdw	X:ASP:25:OD2	X:SER:28:OG
6	vdw	X:ASP:25:OD1	X:SER:28:CB
6	vdw	X:ASP:25:OD1	X:SER:28:OG
6	vdw	X:ASP:25:CG	X:LYS:27:N
6	vdw	X:ASP:25:CG	X:LYS:27:CA
6	vdw	X:ASP:25:CG	X:LYS:27:CB
6	vdw	X:ASP:25:OD2	X:LYS:27:N
6	vdw	X:ASP:25:OD2	X:LYS:27:CA
6	vdw	X:ASP:25:C	X:LYS:27:N
6	vdw	X:ASP:25:CG	X:LYS:27:C
6	vdw	X:ASP:25:OD2	X:SER:28:N
6	vdw	X:ASP:25:O	X:LYS:27:N
6	vdw	X:ASP:25:O	X:LYS:27:CG
6	vdw	X:ASP:25:OD1	X:LYS:27:CB
6	vdw	X:ASP:25:OD1	X:LYS:27:C
6	vdw	X:GLN:38:CG	X:TRP:35:CZ2
6	vdw	X:GLN:38:CG	X:TRP:35:CH2
6	vdw	X:ASP:15:CG	X:LYS:33:NZ
6	vdw	X:ASP:15:OD2	X:LYS:33:NZ
6	vdw	X:ASP:15:CG	X:GLY:1:N
6	vdw	X:ASP:15:OD2	X:GLY:1:N
6	vdw	X:ASP:15:OD2	X:GLY:1:CA
6	vdw	X:CYS:7:C	X:GLY:26:O
6	vdw	X:GLY:26:O	X:THR:6:C
6	vdw	X:CYS:7:N	X:GLY:26:O
6	vdw	X:CYS:7:O	X:GLY:26:C
6	vdw	X:CYS:7:O	X:GLY:26:O
6	vdw	X:GLY:26:O	X:THR:6:CA
6	vdw	X:GLY:26:C	X:SER:28:N
6	vdw	X:LYS:27:C	X:VAL:5:O
6	vdw	X:LYS:27:O	X:VAL:5:O
6	vdw	X:LYS:27:CA	X:VAL:5:O
6	vdw	X:LYS:27:CD	X:THR:6:OG1
6	hbbb	X:CYS:22:O	X:GLY:10:N
6	hbbb	X:ASN:18:O	X:ASP:15:N
6	hbbb	X:LYS:27:N	X:SER:28:N
6	hbbb	X:ASN:18:N	X:ASP:15:O
6	hbsb	X:ASN:18:ND2	X:LEU:34:N
6	hbss	X:ASP:25:OD2	X:SER:28:OG
6	hbsb	X:ASN:18:ND2	X:LEU:34:O
6	hbbb	X:CYS:22:N	X:THR:11:O
6	hbss	X:ASP:15:OD2	X:LYS:33:NZ
6	hbsb	X:ASP:15:OD2	X:GLY:1:N
6	hbbb	X:ARG:21:O	X:VAL:30:N
6	hbbb	X:ARG:21:N	X:VAL:30:O
6	hbsb	X:ASP:25:OD2	X:LYS:27:N
6	hbsb	X:ASP:25:OD2	X:SER:28:N
6	hbbb	X:CYS:20:O	X:PHE:13:N
6	hbbb	X:GLY:23:N	X:SER:28:O
6	hbsb	X:ASN:18:OD1	X:LEU:34:N
6	hbss	X:ASP:25:OD1	X:SER:28:OG
6	hbbb	X:GLY:23:O	X:GLY:26:N
6	hbbb	X:CYS:7:N	X:GLY:26:O
6	hbbb	X:CYS:20:N	X:PHE:13:O
6	hbbb	X:ASP:25:N	X:SER:24:N
6	hbbb	X:GLY:10:N	X:GLY:23:O
6	hbsb	X:THR:6:OG1	X:VAL:5:O
6	hp	X:ALA:29:CB	X:PHE:13:CZ
7	sb	X:ASP:15:OD1	X:LYS:33:NZ
7	sb	X:GLU:4:OE2	X:LYS:27:NZ
7	vdw	X:ASN:18:OD1	X:LEU:34:N
7	vdw	X:ASN:18:OD1	X:LEU:34:O
7	vdw	X:THR:12:CG2	X:THR:19:CG2
7	vdw	X:CYS:31:SG	X:THR:19:C
7	vdw	X:CYS:31:SG	X:THR:19:O
7	vdw	X:PHE:13:O	X:THR:19:CA
7	vdw	X:PHE:13:O	X:THR:19:CG2
7	vdw	X:PHE:13:O	X:THR:19:C
7	vdw	X:CYS:20:O	X:THR:12:CG2
7	vdw	X:CYS:20:O	X:THR:12:CA
7	vdw	X:CYS:20:O	X:THR:12:CB
7	vdw	X:CYS:20:O	X:THR:12:C
7	vdw	X:CYS:20:O	X:PHE:13:N
7	vdw	X:CYS:20:O	X:PHE:13:O
7	vdw	X:GLY:10:O	X:THR:12:N
7	vdw	X:ARG:21:CA	X:THR:12:CA
7	vdw	X:ARG:21:CB	X:THR:12:CA
7	vdw	X:ARG:21:CB	X:THR:12:OG1
7	vdw	X:ARG:21:CB	X:THR:11:O
7	vdw	X:PRO:9:C	X:THR:11:N
7	vdw	X:PRO:9:O	X:THR:11:N
7	vdw	X:GLU:8:O	X:GLY:10:N
7	vdw	X:GLU:8:O	X:THR:11:N
7	vdw	X:GLY:23:O	X:PRO:9:C
7	vdw	X:GLY:10:N	X:GLY:23:O
7	vdw	X:GLY:10:CA	X:GLY:23:O
7	vdw	X:ARG:21:NH1	X:VAL:30:CG1
7	vdw	X:CYS:36:SG	X:LYS:16:CB
7	vdw	X:CYS:17:SG	X:LEU:34:O
7	vdw	X:ASP:15:O	X:CYS:17:N
7	vdw	X:ASN:18:N	X:ASP:15:O
7	vdw	X:ASP:15:C	X:CYS:17:N
7	vdw	X:ASN:18:O	X:LYS:14:CA
7	vdw	X:ASN:18:O	X:LYS:14:C
7	vdw	X:ASN:18:O	X:ASP:15:N
7	vdw	X:ASN:18:CG	X:LYS:33:CA
7	vdw	X:ASN:18:ND2	X:LYS:33:CB
7	vdw	X:ASN:18:CG	X:LEU:34:N
7	vdw	X:ASN:18:ND2	X:LEU:34:N
7	vdw	X:ASN:18:CG	X:LEU:34:O
7	vdw	X:ASN:18:ND2	X:LEU:34:O
7	vdw	X:ASN:18:CB	X:LYS:33:CG
7	vdw	X:ASN:18:ND2	X:LYS:33:CG
7	vdw	X:CYS:31:SG	X:LYS:33:CG
7	vdw	X:CYS:20:N	X:PHE:13:O
7	vdw	X:CYS:20:CA	X:PHE:13:O
7	vdw	X:CYS:20:CA	X:VAL:30:O
7	vdw	X:CYS:20:CB	X:VAL:30:O
7	vdw	X:CYS:20:CB	X:PHE:13:CZ
7	vdw	X:CYS:20:CB	X:PHE:13:CE2
7	vdw	X:CYS:20:SG	X:PHE:13:CE2
7	vdw	X:ASP:15:CB	X:CYS:20:SG
7	vdw	X:CYS:20:C	X:PHE:13:O
7	vdw	X:CYS:22:N	X:THR:11:O
7	vdw	X:CYS:22:CA	X:THR:11:O
7	vdw	X:CYS:22:CB	X:THR:11:O
7	vdw	X:GLU:8:O	X:THR:11:CB
7	vdw	X:GLU:8:C	X:THR:11:OG1
7	vdw	X:GLU:8:O	X:THR:11:OG1
7	vdw	X:GLU:8:N	X:THR:11:OG1
7	vdw	X:ARG:21:N	X:VAL:30:O
7	vdw	X:ARG:21:O	X:VAL:30:O
7	vdw	X:ARG:21:O	X:VAL:30:N
7	vdw	X:ALA:29:CA	X:ARG:21:O
7	vdw	X:ALA:29:C	X:ARG:21:O
7	vdw	X:ARG:21:CA	X:THR:11:O
7	vdw	X:ARG:21:C	X:THR:11:O
7	vdw	X:CYS:22:SG	X:SER:28:O
7	vdw	X:ALA:29:CB	X:CYS:22:SG
7	vdw	X:GLY:23:O	X:PRO:9:CA
7	vdw	X:ASP:25:N	X:GLY:23:C
7	vdw	X:GLY:26:N	X:SER:24:C
7	vdw	X:PRO:9:CG	X:SER:24:O
7	vdw	X:ASP:15:OD1	X:LYS:33:CE
7	vdw	X:ASP:15:OD1	X:LYS:33:NZ
7	vdw	X:ALA:29:CB	X:VAL:5:CG1
7	vdw	X:CYS:7:N	X:GLY:26:O
7	vdw	X:CYS:7:SG	X:GLY:26:CA
7	vdw	X:CYS:7:C	X:GLY:26:CA
7	vdw	X:ASP:25:OD2	X:SER:28:N
7	vdw	X:ASP:25:OD2	X:SER:28:CB
7	vdw	X:ASP:25:OD1	X:SER:28:CB
7	vdw	X:ASP:25:OD2	X:LYS:27:N
7	vdw	X:ASP:25:C	X:LYS:27:N
7	vdw	X:ASP:25:O	X:LYS:27:N
7	vdw	X:ASP:25:OD2	X:LYS:27:CA
7	vdw	X:CYS:7:O	X:GLY:26:CA
7	vdw	X:CYS:7:O	X:GLY:26:C
7	vdw	X:CYS:7:O	X:GLY:26:O
7	vdw	X:ASP:25:OD2	X:LYS:27:C
7	vdw	X:ASP:25:OD1	X:SER:28:OG
7	vdw	X:ASP:25:CG	X:SER:28:OG
7	vdw	X:ASP:25:OD2	X:SER:28:OG
7	vdw	X:LYS:27:C	X:VAL:5:O
7	vdw	X:LYS:27:O	X:VAL:5:O
7	vdw	X:LYS:27:CA	X:VAL:5:O
7	vdw	X:GLY:3:C	X:VAL:5:N
7	vdw	X:LYS:27:CE	X:THR:6:OG1
7	vdw	X:GLY:3:O	X:VAL:5:N
7	vdw	X:GLU:4:OE2	X:LYS:27:CE
7	vdw	X:GLU:4:CD	X:LYS:27:NZ
7	vdw	X:GLU:4:OE2	X:LYS:27:NZ
7	vdw	X:GLU:4:CD	X:GLY:1:N
7	vdw	X:GLU:4:N	X:SER:2:C
7	vdw	X:GLU:4:OE1	X:GLY:1:N
7	vdw	X:GLU:4:OE1	X:GLY:1:CA
7	hbbb	X:ASN:18:O	X:ASP:15:N
7	hbbb	X:ASN:18:N	X:ASP:15:O
7	hbsb	X:ASN:18:ND2	X:LEU:34:N
7	hbss	X:ASP:25:OD2	X:SER:28:OG
7	hbsb	X:ASN:18:ND2	X:LEU:34:O
7	hbbb	X:CYS:22:N	X:THR:11:O
7	hbbb	X:ARG:21:O	X:VAL:30:N
7	hbbb	X:ARG:21:N	X:VAL:30:O
7	hbsb	X:ASP:25:OD2	X:LYS:27:N
7	hbsb	X:ASP:25:OD2	X:SER:28:N
7	hbbb	X:CYS:20:O	X:PHE:13:N
7	hbsb	X:GLU:4:OE1	X:GLY:1:N
7	hbsb	X:ASN:18:OD1	X:LEU:34:N
7	hbss	X:ASP:25:OD1	X:SER:28:OG
7	hbbb	X:CYS:7:N	X:GLY:26:O
7	hbbb	X:CYS:20:N	X:PHE:13:O
7	hbsb	X:ARG:21:NH1	X:CYS:22:O
7	hbbb	X:GLU:8:O	X:THR:11:N
7	hbbb	X:GLY:10:N	X:GLY:23:O
7	hbss	X:GLU:4:OE2	X:LYS:27:NZ
7	hbsb	X:GLU:8:O	X:THR:11:OG1
7	hbsb	X:GLU:8:N	X:THR:11:OG1
7	hp	X:ALA:29:CB	X:VAL:5:CG1
8	vdw	X:LYS:14:NZ	X:THR:19:OG1
8	vdw	X:THR:12:CG2	X:THR:19:CG2
8	vdw	X:CYS:20:O	X:THR:12:CG2
8	vdw	X:ARG:21:CB	X:THR:12:OG1
8	vdw	X:ARG:21:CZ	X:VAL:30:CG1
8	vdw	X:ARG:21:CG	X:VAL:30:O
8	vdw	X:ASN:18:ND2	X:THR:32:CG2
8	vdw	X:PHE:13:O	X:THR:19:CA
8	vdw	X:PHE:13:O	X:THR:19:C
8	vdw	X:CYS:31:SG	X:THR:19:C
8	vdw	X:ASN:18:O	X:ASP:15:CA
8	vdw	X:ASN:18:O	X:LYS:14:CA
8	vdw	X:ASN:18:O	X:LYS:14:C
8	vdw	X:ASN:18:O	X:ASP:15:N
8	vdw	X:CYS:20:O	X:PHE:13:C
8	vdw	X:CYS:20:N	X:PHE:13:O
8	vdw	X:CYS:20:CA	X:PHE:13:O
8	vdw	X:CYS:20:C	X:PHE:13:O
8	vdw	X:CYS:20:O	X:PHE:13:O
8	vdw	X:LEU:34:CB	X:THR:32:OG1
8	vdw	X:LEU:34:N	X:THR:32:OG1
8	vdw	X:LEU:34:CG	X:THR:32:OG1
8	vdw	X:ASN:18:CG	X:THR:32:CG2
8	vdw	X:CYS:31:SG	X:THR:19:O
8	vdw	X:ASN:18:CB	X:CYS:31:SG
8	vdw	X:CYS:20:O	X:THR:12:CA
8	vdw	X:ARG:21:CA	X:THR:11:O
8	vdw	X:ARG:21:N	X:VAL:30:O
8	vdw	X:CYS:20:O	X:PHE:13:CD1
8	vdw	X:CYS:20:O	X:THR:12:C
8	vdw	X:CYS:20:O	X:PHE:13:N
8	vdw	X:CYS:20:O	X:PHE:13:CA
8	vdw	X:CYS:22:N	X:THR:11:O
8	vdw	X:CYS:22:CA	X:THR:11:O
8	vdw	X:CYS:22:CB	X:THR:11:O
8	vdw	X:PRO:9:C	X:THR:11:N
8	vdw	X:PRO:9:O	X:THR:11:N
8	vdw	X:GLU:8:O	X:THR:11:N
8	vdw	X:GLU:8:O	X:THR:11:CB
8	vdw	X:GLU:8:O	X:THR:11:CG2
8	vdw	X:LEU:34:N	X:THR:32:C
8	vdw	X:ARG:21:O	X:VAL:30:N
8	vdw	X:ARG:21:O	X:VAL:30:O
8	vdw	X:ALA:29:C	X:ARG:21:O
8	vdw	X:ALA:29:CA	X:ARG:21:O
8	vdw	X:ARG:21:C	X:THR:11:O
8	vdw	X:CYS:22:O	X:GLY:10:CA
8	vdw	X:CYS:22:O	X:GLY:10:C
8	vdw	X:CYS:22:CA	X:SER:28:O
8	vdw	X:GLY:10:N	X:GLY:23:C
8	vdw	X:GLY:10:N	X:GLY:23:O
8	vdw	X:GLY:10:CA	X:GLY:23:O
8	vdw	X:GLU:8:O	X:GLY:10:N
8	vdw	X:PRO:9:CB	X:SER:24:O
8	vdw	X:GLY:23:N	X:SER:28:C
8	vdw	X:GLY:23:N	X:SER:28:O
8	vdw	X:ASP:25:N	X:GLY:23:C
8	vdw	X:ASP:25:OD2	X:GLY:23:C
8	vdw	X:ASP:25:N	X:GLY:23:O
8	vdw	X:GLY:23:O	X:GLY:26:N
8	vdw	X:GLY:23:O	X:GLY:26:CA
8	vdw	X:GLY:26:N	X:SER:24:C
8	vdw	X:ASP:25:OD2	X:LYS:27:N
8	vdw	X:GLY:23:O	X:PRO:9:CA
8	vdw	X:ASP:25:OD2	X:LYS:27:CA
8	vdw	X:ASP:25:OD2	X:SER:28:N
8	vdw	X:ASP:25:OD2	X:SER:28:CA
8	vdw	X:GLY:26:N	X:SER:24:O
8	vdw	X:ASP:25:OD1	X:SER:28:CB
8	vdw	X:ASP:25:CG	X:SER:28:OG
8	vdw	X:ASP:25:OD1	X:SER:28:OG
8	vdw	X:ASP:25:OD2	X:SER:28:CB
8	vdw	X:ASP:25:OD2	X:SER:28:OG
8	vdw	X:ASN:37:N	X:TRP:35:CD1
8	vdw	X:ASN:37:OD1	X:TRP:35:CD1
8	vdw	X:ASN:37:N	X:TRP:35:NE1
8	vdw	X:ASN:37:N	X:TRP:35:CE2
8	vdw	X:ASN:37:OD1	X:TRP:35:NE1
8	vdw	X:ASP:15:C	X:CYS:17:N
8	vdw	X:ASP:15:O	X:CYS:17:N
8	vdw	X:ASP:15:CB	X:CYS:20:SG
8	vdw	X:ASP:15:OD1	X:CYS:20:SG
8	vdw	X:CYS:20:CB	X:PHE:13:CZ
8	vdw	X:CYS:20:CB	X:PHE:13:CE2
8	vdw	X:CYS:22:SG	X:PHE:13:CE1
8	vdw	X:GLU:8:N	X:THR:11:OG1
8	vdw	X:GLU:8:CA	X:THR:11:OG1
8	vdw	X:GLU:8:C	X:THR:11:OG1
8	vdw	X:GLU:8:O	X:THR:11:OG1
8	vdw	X:ALA:29:CB	X:CYS:22:SG
8	vdw	X:CYS:7:SG	X:GLY:26:C
8	vdw	X:CYS:7:SG	X:GLY:26:O
8	vdw	X:CYS:7:O	X:GLY:26:CA
8	vdw	X:CYS:7:O	X:GLY:26:C
8	vdw	X:CYS:7:O	X:GLY:26:O
8	vdw	X:ALA:29:N	X:LYS:27:C
8	vdw	X:ALA:29:N	X:LYS:27:O
8	vdw	X:ALA:29:CA	X:CYS:22:SG
8	vdw	X:ASP:25:CG	X:SER:28:N
8	vdw	X:ASP:25:C	X:LYS:27:N
8	vdw	X:ASP:25:O	X:LYS:27:N
8	vdw	X:ASP:25:CG	X:LYS:27:N
8	vdw	X:ASN:37:CA	X:TRP:35:NE1
8	vdw	X:ASN:37:CA	X:TRP:35:CE2
8	vdw	X:GLN:38:CD	X:TRP:35:CH2
8	vdw	X:GLN:38:OE1	X:TRP:35:CZ2
8	vdw	X:GLN:38:OE1	X:TRP:35:CH2
8	vdw	X:CYS:7:N	X:VAL:5:C
8	vdw	X:CYS:7:N	X:VAL:5:O
8	vdw	X:GLU:4:O	X:THR:6:N
8	hbbb	X:ASN:18:O	X:ASP:15:N
8	hbss	X:ASP:25:OD2	X:SER:28:OG
8	hbbb	X:ALA:29:N	X:LYS:27:O
8	hbbb	X:CYS:22:N	X:THR:11:O
8	hbbb	X:CYS:7:N	X:VAL:5:O
8	hbbb	X:ARG:21:O	X:VAL:30:N
8	hbsb	X:ASP:15:OD2	X:LYS:16:N
8	hbbb	X:ARG:21:N	X:VAL:30:O
8	hbsb	X:ASP:25:OD2	X:LYS:27:N
8	hbsb	X:ASP:25:OD2	X:SER:28:N
8	hbbb	X:CYS:20:O	X:PHE:13:N
8	hbbb	X:GLY:23:N	X:SER:28:O
8	hbsb	X:ASN:37:N	X:TRP:35:NE1
8	hbss	X:ASP:25:OD1	X:SER:28:OG
8	hbbb	X:GLY:23:O	X:GLY:26:N
8	hbbb	X:CYS:20:N	X:PHE:13:O
8	hbbb	X:GLU:8:O	X:THR:11:N
8	hbbb	X:GLY:10:N	X:GLY:23:O
8	hbsb	X:LEU:34:N	X:THR:32:OG1
8	hbbb	X:ASN:37:N	X:CYS:36:N
8	hbss	X:ASN:37:OD1	X:TRP:35:NE1
8	hbsb	X:GLU:8:O	X:THR:11:OG1
9	sb	X:GLU:4:OE1	X:LYS:27:NZ
9	sb	X:ASP:15:OD2	X:LYS:33:NZ
9	pc	X:LYS:16:NZ	X:TRP:35:CD2
9	vdw	X:THR:12:OG1	X:THR:19:CG2
9	vdw	X:ARG:21:CD	X:GLY:10:O
9	vdw	X:ARG:21:NH1	X:GLY:10:O
9	vdw	X:CYS:22:O	X:GLY:10:CA
9	vdw	X:PRO:9:O	X:THR:11:N
9	vdw	X:ASN:18:N	X:ASP:15:O
9	vdw	X:ASN:18:N	X:LYS:16:C
9	vdw	X:ASN:18:O	X:LYS:14:CB
9	vdw	X:ASN:18:O	X:LYS:14:C
9	vdw	X:ASN:18:O	X:ASP:15:N
9	vdw	X:PHE:13:O	X:THR:19:CA
9	vdw	X:ASN:18:O	X:LYS:14:CA
9	vdw	X:ASN:18:O	X:ASP:15:O
9	vdw	X:CYS:20:O	X:THR:12:OG1
9	vdw	X:ASN:18:CG	X:LEU:34:N
9	vdw	X:ASN:18:OD1	X:LEU:34:N
9	vdw	X:ASN:18:ND2	X:LEU:34:N
9	vdw	X:ASN:18:OD1	X:LEU:34:CB
9	vdw	X:ASN:18:CB	X:THR:32:O
9	vdw	X:ASN:18:CG	X:THR:32:O
9	vdw	X:ASN:18:OD1	X:THR:32:O
9	vdw	X:ASN:18:CG	X:LYS:33:CA
9	vdw	X:ASN:18:OD1	X:LYS:33:CA
9	vdw	X:ASN:18:ND2	X:LEU:34:O
9	vdw	X:ASN:18:ND2	X:CYS:36:SG
9	vdw	X:PHE:13:O	X:THR:19:C
9	vdw	X:CYS:31:SG	X:THR:19:C
9	vdw	X:CYS:31:SG	X:THR:19:O
9	vdw	X:ASP:15:CB	X:CYS:20:SG
9	vdw	X:CYS:20:SG	X:LYS:33:CE
9	vdw	X:CYS:20:O	X:PHE:13:N
9	vdw	X:CYS:20:N	X:PHE:13:O
9	vdw	X:CYS:20:CA	X:PHE:13:O
9	vdw	X:CYS:20:CB	X:PHE:13:O
9	vdw	X:CYS:20:C	X:PHE:13:O
9	vdw	X:CYS:20:O	X:PHE:13:O
9	vdw	X:CYS:20:O	X:THR:12:CA
9	vdw	X:CYS:20:O	X:THR:12:C
9	vdw	X:CYS:20:CB	X:PHE:13:CZ
9	vdw	X:CYS:20:CB	X:PHE:13:CE2
9	vdw	X:CYS:20:O	X:THR:12:CB
9	vdw	X:CYS:22:N	X:THR:11:O
9	vdw	X:CYS:22:SG	X:THR:11:O
9	vdw	X:GLU:8:O	X:THR:11:N
9	vdw	X:PRO:9:C	X:THR:11:N
9	vdw	X:GLU:8:O	X:THR:11:CB
9	vdw	X:GLU:8:O	X:THR:11:CG2
9	vdw	X:CYS:7:CB	X:THR:11:CG2
9	vdw	X:CYS:31:CB	X:LYS:33:CE
9	vdw	X:CYS:31:SG	X:LYS:33:CE
9	vdw	X:CYS:31:SG	X:LYS:33:CG
9	vdw	X:ARG:21:N	X:VAL:30:O
9	vdw	X:ARG:21:O	X:VAL:30:O
9	vdw	X:ALA:29:CA	X:ARG:21:O
9	vdw	X:ALA:29:CB	X:ARG:21:O
9	vdw	X:ALA:29:C	X:ARG:21:O
9	vdw	X:ARG:21:O	X:VAL:30:N
9	vdw	X:ARG:21:CA	X:THR:11:O
9	vdw	X:CYS:22:O	X:GLY:10:N
9	vdw	X:CYS:22:CA	X:SER:28:O
9	vdw	X:CYS:22:CB	X:SER:28:O
9	vdw	X:CYS:22:C	X:SER:28:O
9	vdw	X:GLU:8:O	X:GLY:10:N
9	vdw	X:GLY:23:N	X:SER:28:O
9	vdw	X:GLY:23:CA	X:SER:28:O
9	vdw	X:GLY:23:N	X:SER:28:C
9	vdw	X:ASP:25:N	X:GLY:23:C
9	vdw	X:ASP:25:N	X:GLY:23:O
9	vdw	X:GLY:23:O	X:GLY:26:N
9	vdw	X:GLY:26:N	X:SER:24:C
9	vdw	X:PRO:9:CG	X:SER:24:O
9	vdw	X:ASP:25:CG	X:SER:28:CB
9	vdw	X:ASP:25:OD1	X:SER:28:CB
9	vdw	X:CYS:36:C	X:GLN:38:NE2
9	vdw	X:CYS:36:O	X:GLN:38:NE2
9	vdw	X:CYS:36:O	X:GLN:38:N
9	vdw	X:CYS:36:SG	X:LEU:34:O
9	vdw	X:CYS:36:SG	X:LYS:16:CB
9	vdw	X:CYS:36:CB	X:GLN:38:NE2
9	vdw	X:ASP:15:O	X:CYS:17:N
9	vdw	X:ASP:15:OD2	X:LYS:33:CD
9	vdw	X:ASP:15:OD2	X:LYS:33:CE
9	vdw	X:ASP:15:OD2	X:LYS:33:NZ
9	vdw	X:ASP:15:CB	X:LYS:33:CE
9	vdw	X:ASP:15:CG	X:LYS:33:CE
9	vdw	X:ASP:15:CG	X:LYS:33:NZ
9	vdw	X:CYS:22:SG	X:PHE:13:CD2
9	vdw	X:PHE:13:CE1	X:VAL:5:CG2
9	vdw	X:CYS:22:SG	X:PHE:13:CE2
9	vdw	X:PHE:13:CZ	X:VAL:5:CG2
9	vdw	X:CYS:7:SG	X:VAL:5:CG1
9	vdw	X:CYS:7:SG	X:GLY:26:C
9	vdw	X:CYS:7:SG	X:GLY:26:O
9	vdw	X:CYS:7:O	X:GLY:26:CA
9	vdw	X:ASP:25:CG	X:SER:28:N
9	vdw	X:ASP:25:OD1	X:SER:28:N
9	vdw	X:ASP:25:OD1	X:SER:28:CA
9	vdw	X:ASP:25:C	X:LYS:27:N
9	vdw	X:ASP:25:O	X:LYS:27:N
9	vdw	X:ASP:25:CG	X:LYS:27:N
9	vdw	X:ASP:25:OD1	X:LYS:27:N
9	vdw	X:GLY:26:O	X:THR:6:CA
9	vdw	X:CYS:7:N	X:GLY:26:O
9	vdw	X:ASP:25:CG	X:SER:28:OG
9	vdw	X:ASP:25:OD1	X:SER:28:OG
9	vdw	X:ASP:25:OD2	X:SER:28:OG
9	vdw	X:GLN:38:CD	X:LYS:16:NZ
9	vdw	X:GLN:38:OE1	X:LYS:16:CE
9	vdw	X:GLN:38:OE1	X:LYS:16:NZ
9	vdw	X:GLN:38:NE2	X:LYS:16:CE
9	vdw	X:GLN:38:NE2	X:LYS:16:NZ
9	vdw	X:GLN:38:CG	X:TRP:35:CZ2
9	vdw	X:GLN:38:CD	X:TRP:35:CZ2
9	vdw	X:LYS:27:CE	X:VAL:5:O
9	vdw	X:LYS:27:NZ	X:VAL:5:O
9	vdw	X:GLU:4:OE1	X:LYS:27:CE
9	vdw	X:GLU:4:CD	X:LYS:27:NZ
9	vdw	X:GLU:4:OE1	X:LYS:27:NZ
9	vdw	X:LYS:27:NZ	X:THR:6:OG1
9	hbbb	X:CYS:22:O	X:GLY:10:N
9	hbbb	X:ASN:18:O	X:ASP:15:N
9	hbbb	X:PRO:9:O	X:THR:11:N
9	hbsb	X:CYS:36:O	X:GLN:38:NE2
9	hbbb	X:ASN:18:N	X:ASP:15:O
9	hbsb	X:ASN:18:ND2	X:LEU:34:N
9	hbss	X:ASP:25:OD2	X:SER:28:OG
9	hbss	X:GLU:4:OE1	X:LYS:27:NZ
9	hbsb	X:ASN:18:ND2	X:LEU:34:O
9	hbbb	X:CYS:22:N	X:THR:11:O
9	hbss	X:ASP:15:OD2	X:LYS:33:NZ
9	hbbb	X:ARG:21:O	X:VAL:30:N
9	hbbb	X:ARG:21:N	X:VAL:30:O
9	hbbb	X:CYS:20:O	X:PHE:13:N
9	hbbb	X:GLY:26:N	X:LYS:27:N
9	hbbb	X:GLY:23:N	X:SER:28:O
9	hbsb	X:GLY:3:N	X:SER:2:OG
9	hbsb	X:ASN:18:OD1	X:LEU:34:N
9	hbss	X:ASP:25:OD1	X:SER:28:OG
9	hbbb	X:GLY:23:O	X:GLY:26:N
9	hbbb	X:CYS:7:N	X:GLY:26:O
9	hbss	X:GLN:38:NE2	X:LYS:16:NZ
9	hbbb	X:CYS:20:N	X:PHE:13:O
9	hbsb	X:ARG:21:NH1	X:GLY:10:O
9	hbbb	X:GLU:8:O	X:THR:11:N
9	hbbb	X:ASP:25:O	X:LYS:27:N
9	hbsb	X:ASP:25:OD1	X:LYS:27:N
9	hbsb	X:ASP:25:OD1	X:SER:28:N
9	hbss	X:GLN:38:OE1	X:LYS:16:NZ
9	hbsb	X:LYS:27:NZ	X:VAL:5:O
9	hbsb	X:CYS:20:O	X:THR:12:OG1
9	hp	X:PHE:13:CE1	X:VAL:5:CG2
9	hp	X:PHE:13:CZ	X:VAL:5:CG2
